﻿<?xml version="1.0" encoding="utf-8"?>
<Roots >
  <Roots.RootTypes>
    <RootType FullName="Windows.UI.Xaml.Application">
      <RootProperty Name="Resources" />
    </RootType>
    <RootType FullName="Windows.UI.Xaml.Controls.TextBlock">
      <RootProperty Name="FontFamily" />
      <RootProperty Name="TextAlignment" />
      <RootProperty Name="Text" />
      <RootProperty Name="Margin" />
      <RootProperty Name="HorizontalAlignment" />
      <RootProperty Name="FontSize" />
      <RootProperty Name="Inlines" />
      <RootProperty Name="Foreground" />
      <RootProperty Name="FontWeight" />
      <RootProperty Name="Style" />
      <RootProperty Name="VerticalAlignment" />
      <RootProperty Name="LineHeight" />
      <RootProperty Name="TextWrapping" />
      <RootEvent Name="Tapped" />
    </RootType>
    <RootType FullName="Windows.UI.Xaml.Setter">
      <RootProperty Name="Property" />
      <RootProperty Name="Value" />
    </RootType>
    <RootType FullName="Windows.UI.Xaml.Controls.UserControl">
      <RootProperty Name="Content" />
      <RootProperty Name="Resources" />
    </RootType>
    <RootType FullName="Windows.UI.Xaml.Controls.Grid">
      <RootProperty Name="Background" />
      <RootProperty Name="Padding" />
      <RootProperty Name="VerticalAlignment" />
      <RootProperty Name="HorizontalAlignment" />
      <RootProperty Name="RowDefinitions" />
      <RootProperty Name="Children" />
      <RootProperty Name="ColumnDefinitions" />
      <RootProperty Name="Width" />
      <RootProperty Name="Height" />
      <RootProperty Name="CornerRadius" />
      <RootProperty Name="MaxHeight" />
      <RootMethod Name="GetRow" />
      <RootMethod Name="SetRow" />
      <RootMethod Name="GetColumn" />
      <RootMethod Name="SetColumn" />
    </RootType>
    <RootType FullName="Windows.UI.Xaml.Controls.RowDefinition">
      <RootProperty Name="Height" />
    </RootType>
    <RootType FullName="Windows.UI.Xaml.Controls.Image">
      <RootProperty Name="Source" />
      <RootProperty Name="Width" />
      <RootProperty Name="Height" />
      <RootProperty Name="Margin" />
    </RootType>
    <RootType FullName="Microsoft.Xaml.DirectUI.ProxyTypes.BindExtension">
      <RootProperty Name="Mode" />
    </RootType>
    <RootType FullName="SHRD.TestCard" />
    <RootType FullName="Windows.UI.Xaml.Controls.Page">
      <RootProperty Name="Background" />
      <RootProperty Name="Content" />
      <RootProperty Name="Resources" />
    </RootType>
    <RootType FullName="Microsoft.Xaml.DirectUI.ProxyTypes.ThemeResourceExtension" />
    <RootType FullName="Windows.UI.Xaml.Controls.ColumnDefinition">
      <RootProperty Name="Width" />
    </RootType>
    <RootType FullName="SHRD.LeftNavBar" />
    <RootType FullName="Windows.UI.Xaml.Controls.ScrollViewer">
      <RootProperty Name="Content" />
    </RootType>
    <RootType FullName="Windows.UI.Xaml.Controls.StackPanel">
      <RootProperty Name="Padding" />
      <RootProperty Name="Orientation" />
      <RootProperty Name="Children" />
      <RootProperty Name="HorizontalAlignment" />
      <RootProperty Name="Margin" />
      <RootProperty Name="BorderThickness" />
      <RootProperty Name="BorderBrush" />
      <RootProperty Name="Width" />
    </RootType>
    <RootType FullName="Windows.UI.Xaml.Controls.TextBox">
      <RootProperty Name="Width" />
      <RootProperty Name="HorizontalAlignment" />
      <RootProperty Name="Margin" />
      <RootProperty Name="Text" />
    </RootType>
    <RootType FullName="Windows.UI.Xaml.Controls.ComboBox">
      <RootProperty Name="Margin" />
      <RootProperty Name="Items" />
    </RootType>
    <RootType FullName="Windows.UI.Xaml.Controls.ListView">
      <RootProperty Name="Margin" />
      <RootProperty Name="SelectionMode" />
      <RootProperty Name="ItemsSource" />
      <RootProperty Name="ItemTemplate" />
      <RootProperty Name="ItemContainerStyle" />
      <RootEvent Name="SelectionChanged" />
    </RootType>
    <RootType FullName="Windows.UI.Xaml.Controls.Button">
      <RootProperty Name="Margin" />
      <RootProperty Name="Content" />
      <RootEvent Name="Click" />
    </RootType>
    <RootType FullName="Windows.UI.Xaml.Controls.RichEditBox">
      <RootProperty Name="Margin" />
      <RootProperty Name="HorizontalAlignment" />
      <RootProperty Name="Width" />
      <RootProperty Name="MinHeight" />
    </RootType>
    <RootType FullName="Windows.UI.Xaml.DataTemplate">
      <RootProperty Name="Template" />
    </RootType>
    <RootType FullName="System.String" />
    <RootType FullName="SHRD.CreateTestPage" />
    <RootType FullName="Windows.UI.Xaml.Controls.Control">
      <RootProperty Name="Background" />
      <RootProperty Name="Foreground" />
      <RootProperty Name="CornerRadius" />
      <RootProperty Name="Padding" />
      <RootProperty Name="HorizontalContentAlignment" />
      <RootProperty Name="FontWeight" />
      <RootProperty Name="FontSize" />
    </RootType>
    <RootType FullName="Windows.UI.Xaml.FrameworkElement">
      <RootProperty Name="Width" />
      <RootProperty Name="Margin" />
      <RootProperty Name="HorizontalAlignment" />
    </RootType>
    <RootType FullName="Windows.UI.Xaml.Media.SolidColorBrush">
      <RootProperty Name="Color" />
    </RootType>
    <RootType FullName="Windows.UI.Xaml.Media.ImageBrush">
      <RootProperty Name="ImageSource" />
      <RootProperty Name="Stretch" />
    </RootType>
    <RootType FullName="SHRD.EnterPage" />
    <RootType FullName="Windows.UI.Xaml.Controls.Border" />
    <RootType FullName="SHRD.HomePage" />
    <RootType FullName="Microsoft.Xaml.DirectUI.ProxyTypes.StaticResourceExtension" />
    <RootType FullName="Windows.UI.Xaml.Controls.PasswordBox" />
    <RootType FullName="SHRD.LoginPage" />
    <RootType FullName="Windows.UI.Xaml.Controls.PersonPicture">
      <RootProperty Name="Contact" />
    </RootType>
    <RootType FullName="SHRD.Profile" />
    <RootType FullName="SHRD.SignupPage" />
    <RootType FullName="SHRD.TestsPage" />
    <RootType FullName="SHRD.TheoryCard" />
    <RootType FullName="Windows.UI.Xaml.Controls.ItemsControl">
      <RootProperty Name="ItemsSource" />
      <RootProperty Name="ItemTemplate" />
    </RootType>
    <RootType FullName="SHRD.TestPage" />
    <RootType FullName="SHRD.SupportPage" />
    <RootType FullName="SHRD.TextPage" />
    <RootType FullName="SHRD.TheoryCreate" />
  </Roots.RootTypes>
</Roots>
